Date,Year,Month,Max,Min,Precip
1960.03,1960,3,30,23,233.6999969
1960.04,1960,4,30,23,225.8999939
1960.05,1960,5,30,23,230
1960.06,1960,6,30,23,347.2999878
1960.07,1960,7,30,22,131.8000031
1960.08,1960,8,31,22,171.6999969
1960.09,1960,9,31,22,72.19999695
1960.1,1960,10,33,22,72.5
1960.11,1960,11,32,22,80.40000153
1960.12,1960,12,32,23,193.1999969
1961.01,1961,1,32,23,205.1000061
1961.02,1961,2,31,23,311.7999878
1961.03,1961,3,30,23,286.7999878
1961.04,1961,4,30,22,318.1000061
1961.05,1961,5,30,23,205.6000061
1961.06,1961,6,31,23,321.5
1961.07,1961,7,30,23,306.2000122
1961.08,1961,8,30,22,105.9000015
1961.09,1961,9,32,22,46.90000153
1961.1,1961,10,33,22,19.5
1961.11,1961,11,34,23,51
1961.12,1961,12,32,23,120.0999985
1962.01,1962,1,32,23,143.6000061
1962.02,1962,2,31,22,301.8999939
1962.03,1962,3,30,22,399.2999878
1962.04,1962,4,30,23,348.2000122
1962.05,1962,5,30,23,281.8999939
1962.06,1962,6,30,23,322.1000061
1962.07,1962,7,30,23,289
1962.08,1962,8,31,22,109.6999969
1962.09,1962,9,31,23,71
1962.1,1962,10,33,22,47.40000153
1962.11,1962,11,34,23,19.10000038
1962.12,1962,12,33,23,111.5
1963.01,1963,1,31,23,149.5
1963.02,1963,2,32,23,150.6999969
1963.03,1963,3,30,23,282.1000061
1963.04,1963,4,30,22,223.6999969
1963.05,1963,5,30,22,262.3999939
1963.06,1963,6,30,22,291.2999878
1963.07,1963,7,31,23,248.6999969
1963.08,1963,8,31,22,135.6999969
1963.09,1963,9,33,22,46.09999847
1963.1,1963,10,34,23,26.60000038
1963.11,1963,11,34,23,53
1963.12,1963,12,34,24,117.6999969
1964.01,1964,1,32,23,213.6000061
1964.02,1964,2,31,23,225.1000061
1964.03,1964,3,31,24,166.1000061
1964.04,1964,4,31,24,180.1999969
1964.05,1964,5,31,23,388.7000122
1964.06,1964,6,31,23,287.7999878
1964.07,1964,7,30,23,290.2000122
1964.08,1964,8,31,22,128.6000061
1964.09,1964,9,32,22,73.69999695
1964.1,1964,10,33,22,90
1964.11,1964,11,33,23,63.20000076
1964.12,1964,12,32,23,137.5
1965.01,1965,1,32,23,189.8000031
1965.02,1965,2,31,22,287.6000061
1965.03,1965,3,30,23,228.3999939
1965.04,1965,4,30,23,227
1965.05,1965,5,30,22,461.2000122
1965.06,1965,6,30,23,251.6000061
1965.07,1965,7,31,23,272.2999878
1965.08,1965,8,32,23,85.69999695
1965.09,1965,9,32,23,61.90000153
1965.1,1965,10,33,23,19.79999924
1965.11,1965,11,34,23,38.29999924
1965.12,1965,12,34,24,139.1999969
1966.01,1966,1,32,23,96.90000153
1966.02,1966,2,31,23,182.3000031
1966.03,1966,3,31,23,257.7999878
1966.04,1966,4,31,23,162.3000031
1966.05,1966,5,31,23,208.6000061
1966.06,1966,6,31,23,254.8000031
1966.07,1966,7,31,23,310.7000122
1966.08,1966,8,31,23,147.8000031
1966.09,1966,9,32,23,117
1966.1,1966,10,33,22,102.1999969
1966.11,1966,11,32,23,105.3000031
1966.12,1966,12,34,23,35.70000076
1967.01,1967,1,32,23,285.3999939
1967.02,1967,2,31,23,194.5
1967.03,1967,3,29,23,309.3999939
1967.04,1967,4,29,23,232.6000061
1967.05,1967,5,30,23,333.7999878
1967.06,1967,6,30,23,404.5
1967.07,1967,7,30,23,192.8000031
1967.08,1967,8,31,23,115.5
1967.09,1967,9,32,23,35.79999924
1967.1,1967,10,33,22,13.10000038
1967.11,1967,11,34,23,12.60000038
1967.12,1967,12,33,23,33.59999847
1968.01,1968,1,32,23,122.4000015
1968.02,1968,2,32,23,123.8000031
1968.03,1968,3,30,23,255.1000061
1968.04,1968,4,30,23,191.3000031
1968.05,1968,5,30,22,469.2999878
1968.06,1968,6,30,22,299
1968.07,1968,7,29,22,358.2999878
1968.08,1968,8,31,23,129.3999939
1968.09,1968,9,32,22,94.19999695
1968.1,1968,10,33,22,63.70000076
1968.11,1968,11,32,23,197.8999939
1968.12,1968,12,33,23,48.09999847
1969.01,1969,1,31,23,217.6000061
1969.02,1969,2,31,23,185.3999939
1969.03,1969,3,30,23,268.7999878
1969.04,1969,4,31,23,182.6000061
1969.05,1969,5,31,23,287.6000061
1969.06,1969,6,31,24,439.1000061
1969.07,1969,7,31,23,297.2999878
1969.08,1969,8,32,23,96.09999847
1969.09,1969,9,31,22,90.59999847
1969.1,1969,10,33,22,61.79999924
1969.11,1969,11,34,24,33.29999924
1969.12,1969,12,33,23,74.09999847
1970.01,1970,1,33,24,102.0999985
1970.02,1970,2,32,23,176.1999969
1970.03,1970,3,31,22,323.7999878
1970.04,1970,4,30,23,296.7000122
1970.05,1970,5,30,23,342.7000122
1970.06,1970,6,30,23,381.7000122
1970.07,1970,7,31,23,193.3000031
1970.08,1970,8,31,23,131.6000061
1970.09,1970,9,31,23,75.69999695
1970.1,1970,10,33,22,62.90000153
1970.11,1970,11,32,23,96.90000153
1970.12,1970,12,33,23,90.30000305
1971.01,1971,1,31,23,217.6000061
1971.02,1971,2,32,23,132.1999969
1971.03,1971,3,29,23,277.2000122
1971.04,1971,4,29,22,324.7999878
1971.05,1971,5,29,23,359
1971.06,1971,6,29,23,395
1971.07,1971,7,30,23,308.7000122
1971.08,1971,8,30,23,160.6999969
1971.09,1971,9,31,23,62.5
1971.1,1971,10,32,22,49.59999847
1971.11,1971,11,32,23,46.59999847
1971.12,1971,12,32,23,186.1999969
1972.01,1972,1,31,23,238.6999969
1972.02,1972,2,32,23,99.5
1972.03,1972,3,29,22,258.8999939
1972.04,1972,4,29,22,374.7000122
1972.05,1972,5,30,23,211.6999969
1972.06,1972,6,30,23,287.6000061
1972.07,1972,7,30,23,182.6999969
1972.08,1972,8,31,23,132.6999969
1972.09,1972,9,31,23,76.30000305
1972.1,1972,10,32,22,62.29999924
1972.11,1972,11,32,23,82.80000305
1972.12,1972,12,33,23,116.8000031
1973.01,1973,1,32,24,136.3999939
1973.02,1973,2,32,24,173.1000061
1973.03,1973,3,30,23,200.3999939
1973.04,1973,4,30,24,275.7999878
1973.05,1973,5,31,24,301.5
1973.06,1973,6,30,24,249.8999939
1973.07,1973,7,29,23,423
1973.08,1973,8,31,23,104.9000015
1973.09,1973,9,30,23,146.1000061
1973.1,1973,10,32,23,114.9000015
1973.11,1973,11,31,23,82.80000305
1973.12,1973,12,32,24,191.8000031
1974.01,1974,1,31,24,262.7999878
1974.02,1974,2,30,22,220.3999939
1974.03,1974,3,30,23,287.7000122
1974.04,1974,4,29,22,255.5
1974.05,1974,5,29,22,227.8000031
1974.06,1974,6,30,23,453.6000061
1974.07,1974,7,30,22,233
1974.08,1974,8,30,23,176.8000031
1974.09,1974,9,30,22,79.59999847
1974.1,1974,10,32,22,41.5
1974.11,1974,11,31,23,90.69999695
1974.12,1974,12,32,23,56.29999924
1975.01,1975,1,31,24,195.6000061
1975.02,1975,2,30,23,280.3999939
1975.03,1975,3,29,23,313.2999878
1975.04,1975,4,29,23,328.2999878
1975.05,1975,5,30,23,376.2000122
1975.06,1975,6,30,23,294.3999939
1975.07,1975,7,30,23,271.3999939
1975.08,1975,8,30,23,127.8000031
1975.09,1975,9,29,22,182.6000061
1975.1,1975,10,31,22,60.79999924
1975.11,1975,11,32,23,54.40000153
1975.12,1975,12,32,23,66.40000153
1976.01,1976,1,32,23,114.9000015
1976.02,1976,2,31,23,201.8000031
1976.03,1976,3,29,22,290.6000061
1976.04,1976,4,30,22,419.5
1976.05,1976,5,29,22,381.6000061
1976.06,1976,6,30,23,225.5
1976.07,1976,7,30,23,140.6000061
1976.08,1976,8,30,22,82.19999695
1976.09,1976,9,31,22,49.5
1976.1,1976,10,33,22,44.40000153
1976.11,1976,11,34,23,34.20000076
1976.12,1976,12,33,23,109.9000015
1977.01,1977,1,32,23,147.8000031
1977.02,1977,2,31,23,200.8000031
1977.03,1977,3,31,23,199.1000061
1977.04,1977,4,30,22,259.3999939
1977.05,1977,5,30,22,311.2999878
1977.06,1977,6,30,22,278.2999878
1977.07,1977,7,30,22,246.8999939
1977.08,1977,8,31,22,109.5
1977.09,1977,9,32,23,38.09999847
1977.1,1977,10,33,23,44.40000153
1977.11,1977,11,32,23,92.5
1977.12,1977,12,32,23,204.1999969
1978.01,1978,1,32,24,78.90000153
1978.02,1978,2,31,23,255.1999969
1978.03,1978,3,30,23,300.6000061
1978.04,1978,4,30,23,249.1999969
1978.05,1978,5,30,23,364.7000122
1978.06,1978,6,30,23,275.5
1978.07,1978,7,30,22,267.6000061
1978.08,1978,8,31,22,92
1978.09,1978,9,31,22,117.9000015
1978.1,1978,10,32,22,57.20000076
1978.11,1978,11,32,23,133.3999939
1978.12,1978,12,33,23,122.5999985
1979.01,1979,1,32,23,64.09999847
1979.02,1979,2,31,23,154.3000031
1979.03,1979,3,30,23,276.6000061
1979.04,1979,4,30,23,198.5
1979.05,1979,5,30,23,336.2999878
1979.06,1979,6,30,23,334.6000061
1979.07,1979,7,31,23,270.6000061
1979.08,1979,8,30,23,91.09999847
1979.09,1979,9,32,23,22.10000038
1979.1,1979,10,33,23,102.3000031
1979.11,1979,11,33,23,90.5
1979.12,1979,12,33,23,207.8999939
1980.01,1980,1,32,23,138.3999939
1980.02,1980,2,31,23,237.1999969
1980.03,1980,3,30,23,184.3999939
1980.04,1980,4,32,24,103.9000015
1980.05,1980,5,31,23,269.3999939
1980.06,1980,6,31,23,289.8999939
1980.07,1980,7,31,23,117.5
1980.08,1980,8,31,23,130.8000031
1980.09,1980,9,31,22,69.90000153
1980.1,1980,10,32,23,92.40000153
1980.11,1980,11,33,23,57.79999924
1980.12,1980,12,32,23,163
1981.01,1981,1,32,23,209
1981.02,1981,2,31,23,172.5
1981.03,1981,3,30,23,204.1000061
1981.04,1981,4,30,22,228.6000061
1981.05,1981,5,31,23,251.1999969
1981.06,1981,6,31,23,239.1999969
1981.07,1981,7,31,23,213.1000061
1981.08,1981,8,31,23,155.5
1981.09,1981,9,31,22,76.09999847
1981.1,1981,10,32,22,106.4000015
1981.11,1981,11,32,23,168.6000061
1981.12,1981,12,32,23,86.30000305
1982.01,1982,1,32,23,269.6000061
1982.02,1982,2,31,23,137.8000031
1982.03,1982,3,30,23,358.6000061
1982.04,1982,4,30,23,234.6000061
1982.05,1982,5,30,23,369.5
1982.06,1982,6,30,23,271.7000122
1982.07,1982,7,30,23,239.6000061
1982.08,1982,8,31,23,55.40000153
1982.09,1982,9,32,22,83.80000305
1982.1,1982,10,32,23,25.20000076
1982.11,1982,11,33,23,83.09999847
1982.12,1982,12,33,23,60.09999847
1983.01,1983,1,33,23,105.4000015
1983.02,1983,2,31,23,340
1983.03,1983,3,32,24,64.40000153
1983.04,1983,4,32,24,109.5999985
1983.05,1983,5,31,24,331.2000122
1983.06,1983,6,31,24,205.8999939
1983.07,1983,7,32,24,153.5
1983.08,1983,8,31,23,93.19999695
1983.09,1983,9,33,23,114.5
1983.1,1983,10,31,23,116.0999985
1983.11,1983,11,33,23,90.40000153
1983.12,1983,12,32,23,183.5
1984.01,1984,1,32,23,106.5999985
1984.02,1984,2,30,23,302.7999878
1984.03,1984,3,29,22,273.1000061
1984.04,1984,4,29,22,359
1984.05,1984,5,30,23,277
1984.06,1984,6,30,23,352.6000061
1984.07,1984,7,30,23,260.8999939
1984.08,1984,8,31,23,96.59999847
1984.09,1984,9,31,22,104.1999969
1984.1,1984,10,32,23,71.59999847
1984.11,1984,11,32,23,148.3999939
1984.12,1984,12,32,23,146.1999969
1985.01,1985,1,32,23,105.1999969
1985.02,1985,2,30,23,164.6999969
1985.03,1985,3,30,23,257.8999939
1985.04,1985,4,30,22,325.1000061
1985.05,1985,5,31,23,248.6000061
1985.06,1985,6,31,23,149.1000061
1985.07,1985,7,30,23,318
1985.08,1985,8,30,22,149.1000061
1985.09,1985,9,31,22,108.5
1985.1,1985,10,32,22,72
1985.11,1985,11,33,23,64.90000153
1985.12,1985,12,32,23,146.6999969
1986.01,1986,1,31,23,164.5
1986.02,1986,2,30,23,390
1986.03,1986,3,30,23,276.3999939
1986.04,1986,4,30,23,263
1986.05,1986,5,30,23,311.5
1986.06,1986,6,31,23,269.7000122
1986.07,1986,7,31,23,214.3000031
1986.08,1986,8,31,22,112.6999969
1986.09,1986,9,31,22,185
1986.1,1986,10,33,23,10.80000019
1986.11,1986,11,32,23,91.90000153
1986.12,1986,12,32,23,208.5
1987.01,1987,1,31,23,271.7999878
1987.02,1987,2,32,23,231.6999969
1987.03,1987,3,30,23,258.8999939
1987.04,1987,4,31,23,273.7999878
1987.05,1987,5,31,23,275.1000061
1987.06,1987,6,31,22,286
1987.07,1987,7,31,22,199.1999969
1987.08,1987,8,32,22,70.19999695
1987.09,1987,9,34,23,45.29999924
1987.1,1987,10,33,23,77
1987.11,1987,11,34,23,71.30000305
1987.12,1987,12,34,24,56.79999924
1988.01,1988,1,33,23,114.5999985
1988.02,1988,2,33,25,200.8999939
1988.03,1988,3,31,22,282.2000122
1988.04,1988,4,31,23,461.7000122
1988.05,1988,5,32,23,255.8999939
1988.06,1988,6,31,22,277.8999939
1988.07,1988,7,31,23,330.3999939
1988.08,1988,8,31,22,221.5
1988.09,1988,9,31,22,89.80000305
1988.1,1988,10,33,23,36.59999847
1988.11,1988,11,34,23,106.4000015
1988.12,1988,12,34,23,113.6999969
1989.01,1989,1,32,22,246.6999969
1989.02,1989,2,31,23,370.6000061
1989.03,1989,3,30,22,359.7000122
1989.04,1989,4,31,21,425.2999878
1989.05,1989,5,31,22,267.8999939
1989.06,1989,6,31,22,379.3999939
1989.07,1989,7,30,22,461.2999878
1989.08,1989,8,31,22,197.8000031
1989.09,1989,9,31,21,145.1000061
1989.1,1989,10,33,23,37.90000153
1989.11,1989,11,33,23,127.5
1989.12,1989,12,32,23,193.8000031
1990.01,1990,1,32,24,299.2000122
1990.02,1990,2,32,24,261.7000122
1990.03,1990,3,31,23,218.6999969
1990.04,1990,4,30,23,209
1990.05,1990,5,31,23,286.5
1990.06,1990,6,31,23,256.6000061
1990.07,1990,7,31,23,236.8000031
1990.08,1990,8,31,23,106.8000031
1990.09,1990,9,31,22,115.3000031
1990.1,1990,10,32,23,73.59999847
1990.11,1990,11,33,23,39.40000153
1990.12,1990,12,34,24,64.59999847
1991.01,1991,1,33,24,146.6999969
1991.02,1991,2,31,23,168.8999939
1991.03,1991,3,30,23,394.3999939
1991.04,1991,4,31,24,227.8999939
1991.05,1991,5,30,23,316.8999939
1991.06,1991,6,30,23,322.6000061
1991.07,1991,7,30,23,254.1000061
1991.08,1991,8,31,23,137.3999939
1991.09,1991,9,31,23,147.6000061
1991.1,1991,10,32,23,51.5
1991.11,1991,11,32,23,49.79999924
1991.12,1991,12,33,23,84.30000305
1992.01,1992,1,34,23,61.09999847
1992.02,1992,2,32,24,124.6999969
1992.03,1992,3,32,22,214.1999969
1992.04,1992,4,31,23,250.6999969
1992.05,1992,5,30,23,328.3999939
1992.06,1992,6,31,23,230.3000031
1992.07,1992,7,32,23,133.3000031
1992.08,1992,8,33,23,81.90000153
1992.09,1992,9,31,22,111.1999969
1992.1,1992,10,31,22,88.59999847
1992.11,1992,11,32,23,86.90000153
1992.12,1992,12,32,23,83.30000305
1993.01,1993,1,32,23,87.5
1993.02,1993,2,30,22,240.6000061
1993.03,1993,3,30,23,397.7999878
1993.04,1993,4,30,23,502.2000122
1993.05,1993,5,30,22,256.2000122
1993.06,1993,6,30,23,365
1993.07,1993,7,31,23,118.8000031
1993.08,1993,8,32,23,76
1993.09,1993,9,31,23,47.90000153
1993.1,1993,10,32,23,61.70000076
1993.11,1993,11,33,23,51.29999924
1993.12,1993,12,33,23,111.0999985
1994.01,1994,1,31,23,238.6000061
1994.02,1994,2,31,23,231.8999939
1994.03,1994,3,30,23,352.8999939
1994.04,1994,4,30,22,392
1994.05,1994,5,30,23,310.3999939
1994.06,1994,6,31,23,275.1000061
1994.07,1994,7,31,23,198.6999969
1994.08,1994,8,31,23,147.1999969
1994.09,1994,9,31,22,41
1994.1,1994,10,32,23,90.80000305
1994.11,1994,11,33,23,85.19999695
1994.12,1994,12,33,23,89.80000305
1995.01,1995,1,32,23,200.1999969
1995.02,1995,2,32,23,202.8000031
1995.03,1995,3,32,23,267.1000061
1995.04,1995,4,31,23,156.1999969
1995.05,1995,5,31,23,275.2999878
1995.06,1995,6,31,23,426.8999939
1995.07,1995,7,31,23,242.1000061
1995.08,1995,8,32,23,114.0999985
1995.09,1995,9,32,23,89.5
1995.1,1995,10,34,23,38.70000076
1995.11,1995,11,34,24,69.69999695
1995.12,1995,12,34,24,79
1996.01,1996,1,32,23,336.2999878
1996.02,1996,2,31,23,200.1000061
1996.03,1996,3,31,23,494.7000122
1996.04,1996,4,30,23,278.7000122
1996.05,1996,5,31,23,352.8999939
1996.06,1996,6,30,23,383.2000122
1996.07,1996,7,31,23,180.5
1996.08,1996,8,31,23,186.5
1996.09,1996,9,31,22,172.8999939
1996.1,1996,10,33,23,69.30000305
1996.11,1996,11,33,23,100.5999985
1996.12,1996,12,33,23,172.3000031
1997.01,1997,1,32,23,153
1997.02,1997,2,32,24,148
1997.03,1997,3,30,23,290.6000061
1997.04,1997,4,30,23,332.3999939
1997.05,1997,5,30,23,446.5
1997.06,1997,6,30,23,304.1000061
1997.07,1997,7,31,23,235.6000061
1997.08,1997,8,32,23,22.39999962
1997.09,1997,9,33,23,17.5
1997.1,1997,10,33,23,102.6999969
1997.11,1997,11,33,22,21.29999924
1997.12,1997,12,35,24,55.79999924
1998.01,1998,1,33,24,165.1999969
1998.02,1998,2,32,23,202.3000031
1998.03,1998,3,32,23,287.1000061
1998.04,1998,4,32,24,181.5
1998.05,1998,5,32,24,263.7000122
1998.06,1998,6,32,24,353.2999878
1998.07,1998,7,31,24,266.8999939
1998.08,1998,8,31,23,166.3000031
1998.09,1998,9,32,23,105.5
1998.1,1998,10,34,24,45.90000153
1998.11,1998,11,34,23,107.5999985
1998.12,1998,12,33,24,100
1999.01,1999,1,32,23,152.8999939
1999.02,1999,2,32,24,181
1999.03,1999,3,30,23,403.5
1999.04,1999,4,30,23,301.6000061
1999.05,1999,5,30,23,297
1999.06,1999,6,30,23,369.2000122
1999.07,1999,7,30,23,427.5
1999.08,1999,8,31,23,159.8000031
1999.09,1999,9,32,22,44.20000076
1999.1,1999,10,33,23,42.90000153
1999.11,1999,11,33,23,120.3000031
1999.12,1999,12,33,23,133.6000061
2000.01,2000,1,33,23,213.3999939
2000.02,2000,2,32,23,185.3999939
2000.03,2000,3,30,23,364.8999939
2000.04,2000,4,30,23,307.5
2000.05,2000,5,30,23,348.7999878
2000.06,2000,6,30,23,467.8999939
2000.07,2000,7,31,23,233.1999969
2000.08,2000,8,31,23,71.30000305
2000.09,2000,9,31,22,70.30000305
2000.1,2000,10,33,23,121.3000031
2000.11,2000,11,33,23,189.6000061
2000.12,2000,12,33,24,65.69999695
2001.01,2001,1,32,24,164.6999969
2001.02,2001,2,32,23,169.1000061
2001.03,2001,3,30,22,377.2999878
2001.04,2001,4,30,23,247.6000061
2001.05,2001,5,31,23,246.6000061
2001.06,2001,6,31,23,215.3999939
2001.07,2001,7,31,23,228.1999969
2001.08,2001,8,31,22,163.3000031
2001.09,2001,9,32,22,64.19999695
2001.1,2001,10,34,24,25.20000076
2001.11,2001,11,34,23,94.30000305
2001.12,2001,12,34,24,63.70000076
2002.01,2002,1,34,24,213.8999939
2002.02,2002,2,32,24,221.8999939
2002.03,2002,3,32,23,347.2000122
2002.04,2002,4,31,24,291.1000061
2002.05,2002,5,31,23,266.7000122
2002.06,2002,6,31,23,391.8999939
2002.07,2002,7,31,24,277.1000061
2002.08,2002,8,31,23,172.5
2002.09,2002,9,33,24,25.39999962
2002.1,2002,10,33,24,44.20000076
2002.11,2002,11,34,24,61.59999847
2002.12,2002,12,34,24,185.8999939
2003.01,2003,1,33,24,85.59999847
2003.02,2003,2,32,24,285.2999878
2003.03,2003,3,32,24,133.1999969
2003.04,2003,4,31,24,304.1000061
2003.05,2003,5,31,24,257.7999878
2003.06,2003,6,31,24,382.3999939
2003.07,2003,7,31,24,250.3999939
2003.08,2003,8,31,23,125
2003.09,2003,9,32,23,94.59999847
2003.1,2003,10,32,23,117
2003.11,2003,11,32,23,66.09999847
2003.12,2003,12,33,24,98.09999847
2004.01,2004,1,33,24,115.8000031
2004.02,2004,2,32,24,92.30000305
2004.03,2004,3,31,24,185.3999939
2004.04,2004,4,31,24,162.5
2004.05,2004,5,31,24,371.5
2004.06,2004,6,31,24,237.3999939
2004.07,2004,7,31,24,384
2004.08,2004,8,31,23,125.3000031
2004.09,2004,9,32,23,69.59999847
2004.1,2004,10,33,24,136.1999969
2004.11,2004,11,33,24,104.8000031
2004.12,2004,12,33,24,74.59999847
2005.01,2005,1,33,24,47.5
2005.02,2005,2,33,23,143.8000031
2005.03,2005,3,31,24,172.6999969
2005.04,2005,4,30,24,311.3999939
2005.05,2005,5,30,24,331.3999939
2005.06,2005,6,30,24,383.7000122
2005.07,2005,7,31,24,251.8999939
2005.08,2005,8,32,24,64.5
2005.09,2005,9,32,23,57.70000076
2005.1,2005,10,34,24,21.39999962
2005.11,2005,11,33,24,53.70000076
2005.12,2005,12,34,24,73.19999695
2006.01,2006,1,33,24,206.8000031
2006.02,2006,2,31,23,319.7999878
2006.03,2006,3,31,24,200.3999939
2006.04,2006,4,30,24,342.7000122
2006.05,2006,5,31,23,306.5
2006.06,2006,6,30,24,275.5
2006.07,2006,7,30,23,351.7999878
2006.08,2006,8,31,23,95.59999847
2006.09,2006,9,32,23,91.59999847
2006.1,2006,10,34,24,35.70000076
2006.11,2006,11,34,24,42.29999924
2006.12,2006,12,34,25,72.59999847
2007.01,2007,1,32,24,298.5
2007.02,2007,2,33,24,259.2999878
2007.03,2007,3,31,24,376.6000061
2007.04,2007,4,32,24,148.8999939
2007.05,2007,5,31,23,352.7000122
2007.06,2007,6,31,24,360.1000061
2007.07,2007,7,31,24,190.8999939
2007.08,2007,8,32,23,97
2007.09,2007,9,32,23,118.3000031
2007.1,2007,10,33,24,125.1999969
2007.11,2007,11,33,24,69.19999695
2007.12,2007,12,33,24,66.30000305
2008.01,2008,1,33,24,215.1000061
2008.02,2008,2,32,23,300
2008.03,2008,3,31,23,413
2008.04,2008,4,30,23,312.6000061
2008.05,2008,5,31,23,436.2999878
2008.06,2008,6,31,23,326.2000122
2008.07,2008,7,30,23,261.2000122
2008.08,2008,8,31,23,192.5
2008.09,2008,9,32,23,77.19999695
2008.1,2008,10,34,24,57.70000076
2008.11,2008,11,33,24,74.59999847
2008.12,2008,12,33,24,147
2009.01,2009,1,32,24,227.8000031
2009.02,2009,2,32,23,406
2009.03,2009,3,30,23,322.6000061
2009.04,2009,4,30,23,411.3999939
2009.05,2009,5,31,23,325.7000122
2009.06,2009,6,31,24,264.1000061
2009.07,2009,7,31,24,146.8999939
2009.08,2009,8,31,24,173.6999969
2009.09,2009,9,33,24,52.79999924
2009.1,2009,10,33,25,30.29999924
2009.11,2009,11,35,25,17.20000076
2009.12,2009,12,34,25,61.5
2010.01,2010,1,34,25,126
2010.02,2010,2,32,24,246.1000061
2010.03,2010,3,32,24,275.7000122
2010.04,2010,4,31,24,296.5
2010.05,2010,5,32,24,235.6000061
2010.06,2010,6,31,24,348.7000122
2010.07,2010,7,31,25,183.1000061
2010.08,2010,8,32,24,120.5
2010.09,2010,9,32,24,101.3000031
2010.1,2010,10,33,24,47.79999924
2010.11,2010,11,34,25,37.20000076
2010.12,2010,12,34,24,104.9000015
2011.01,2011,1,32,24,142.3999939
2011.02,2011,2,32,23,277.2999878
2011.03,2011,3,30,24,247.5
2011.04,2011,4,30,23,424.6000061
2011.05,2011,5,30,24,282.2000122
2011.06,2011,6,30,24,465.6000061
2011.07,2011,7,31,24,219.3000031
2011.08,2011,8,32,24,114.1999969
2011.09,2011,9,33,24,34.20000076
2011.1,2011,10,34,25,61.79999924
2011.11,2011,11,34,24,50.70000076
2011.12,2011,12,33,25,188.3999939
2012.01,2012,1,32,24,224.6999969
2012.02,2012,2,32,24,203.8999939
2012.03,2012,3,30,24,371.2999878
2012.04,2012,4,30,23,312.8999939
2012.05,2012,5,30,24,259.7000122
2012.06,2012,6,30,24,175.3999939
2012.07,2012,7,31,24,132.6000061
2012.08,2012,8,32,24,74.90000153
2012.09,2012,9,32,24,98
2012.1,2012,10,33,24,38.90000153
2012.11,2012,11,34,25,80.30000305
2012.12,2012,12,34,25,155.8999939
2013.01,2013,1,34,25,220.3000031
2013.02,2013,2,32,24,270.7999878
2013.03,2013,3,32,24,276
2013.04,2013,4,30,24,310.5
2013.05,2013,5,31,24,401.5
2013.06,2013,6,31,24,377.6000061
2013.07,2013,7,31,24,253.1999969
2013.08,2013,8,32,24,65.30000305
2013.09,2013,9,32,24,161.3999939
2013.1,2013,10,32,24,69
2013.11,2013,11,33,25,117.9000015
2013.12,2013,12,34,25,175.8000031
2014.01,2014,1,32,24,259.1000061
2014.02,2014,2,33,25,119.1999969
2014.03,2014,3,31,24,239.3000031
2014.04,2014,4,30,24,273.2000122
2014.05,2014,5,30,24,424.2999878
2014.06,2014,6,31,24,244.8000031
2014.07,2014,7,31,24,360.3999939
2014.08,2014,8,32,24,191.3999939
2014.09,2014,9,32,24,86.19999695
2014.1,2014,10,33,24,49.70000076
2014.11,2014,11,35,25,65.40000153
2014.12,2014,12,33,24,176.6999969
2015.01,2015,1,33,25,200.8999939
2015.02,2015,2,33,25,152.6000061
2015.03,2015,3,31,24,277.2000122
2015.04,2015,4,32,24,225.6000061
2015.05,2015,5,31,24,361.6000061
2015.06,2015,6,31,24,231.8000031
2015.07,2015,7,31,24,286.7000122
2015.08,2015,8,32,24,92.09999847
2015.09,2015,9,33,24,51.59999847
2015.1,2015,10,35,25,13.39999962
2015.11,2015,11,36,26,14.89999962
2015.12,2015,12,35,25,30.20000076
2016.01,2016,1,34,25,79.59999847
2016.02,2016,2,33,24,128.1999969
2016.03,2016,3,32,25,140.8999939
2016.04,2016,4,30,23,215.3999939
2016.05,2016,5,31,25,283
2016.06,2016,6,32,24,282.7000122
2016.07,2016,7,32,25,111.9000015
2016.08,2016,8,32,24,99.5
2016.09,2016,9,33,24,105.0999985
2016.1,2016,10,34,24,53.59999847
2016.11,2016,11,33,24,109.0999985
2016.12,2016,12,33,24,147.6999969
2017.01,2017,1,34,25,175.1999969
2017.02,2017,2,31,24,476.6000061
2017.03,2017,3,31,23,379.5
2017.04,2017,4,31,24,262.6000061
2017.05,2017,5,31,24,236.3999939
2017.06,2017,6,32,24,324.6000061
2017.07,2017,7,32,24,134.3999939
2017.08,2017,8,33,24,131.3999939
2017.09,2017,9,33,24,78.59999847
2017.1,2017,10,32,23,28.20000076
2017.11,2017,11,33,25,159.3000031
2017.12,2017,12,33,24,144
2018.01,2018,1,33,25,179.8000031
2018.02,2018,2,31,24,467.1000061
2018.03,2018,3,31,23,216.1000061
2018.04,2018,4,31,24,314.7999878
2018.05,2018,5,31,24,235.8000031
2018.06,2018,6,30,24,295.1000061
2018.07,2018,7,31,24,181.1999969
2018.08,2018,8,32,24,196
2018.09,2018,9,32,24,63.79999924
2018.1,2018,10,33,24,54.70000076
2018.11,2018,11,34,25,81.90000153
2018.12,2018,12,33,23,58.09999847
2019.01,2019,1,33,25,147.5
2019.02,2019,2,31,24,339.2000122
2019.03,2019,3,31,24,283.7000122
2019.04,2019,4,31,25,337.2999878
2019.05,2019,5,32,25,393.8999939
2019.06,2019,6,31,25,278.1000061
2019.07,2019,7,31,25,303.7000122
2019.08,2019,8,32,25,68.30000305
2019.09,2019,9,32,24,127.3000031
2019.1,2019,10,33,25,52.79999924
2019.11,2019,11,34,25,181.6999969
2019.12,2019,12,33,24,235
2020.01,2020,1,32,25,166.1999969
2020.02,2020,2,31,25,224.8000031
2020.03,2020,3,32,25,418.3999939
2020.04,2020,4,32,25,245.3999939
2020.05,2020,5,32,25,387.2000122
2020.06,2020,6,30,24,337.1000061
2020.07,2020,7,31,24,287.3999939
2020.08,2020,8,32,24,192.1000061
2020.09,2020,9,32,24,57.40000153
2020.1,2020,10,34,25,31.70000076
2020.11,2020,11,34,25,125.5999985
2020.12,2020,12,33,24,123.3000031
2021.01,2021,1,32,25,429.2999878
2021.02,2021,2,32,24,392.5
2021.03,2021,3,30,24,178.1000061
2021.04,2021,4,32,24,307.7999878
2021.05,2021,5,30,23,526.0999756
2021.06,2021,6,31,24,186.1999969
2021.07,2021,7,31,24,187.8000031
2021.08,2021,8,31,24,219.1000061
2021.09,2021,9,31,24,148.8000031
2021.1,2021,10,34,25,157.1999969
2021.11,2021,11,33,24,28.79999924
2021.12,2021,12,33,25,168.3000031
